"halkaName","blockCode","localFiles","dbPages","voters","ocrProcessed","uploadMatch","hasLocalFolder","notes"
"LA41","1854001","10","20","198","20","false","true","10 DB page(s) missing locally"
"LA41","1854002","4","4","69","4","true","true",""
"LA41","1854003","3","3","12","3","true","true",""
"LA41","1854004","4","4","56","4","true","true",""
"LA41","1854005","7","7","122","7","true","true",""
"LA41","1854006","3","3","14","3","true","true",""
"LA41","1854007","5","5","74","5","true","true",""
"LA41","1854008","5","5","70","5","true","true",""
"LA41","1854009","5","5","97","5","true","true",""
"LA41","1854010","5","5","60","5","true","true",""
"LA41","1854011","3","3","29","3","true","true",""
"LA41","1854012","5","5","53","5","true","true",""
"LA41","1854013","8","8","161","8","true","true",""
"LA41","1854014","7","7","143","7","true","true",""
"LA41","1854015","5","5","69","5","true","true",""
"LA41","1854016","7","7","140","7","true","true",""
"LA41","1854017","5","5","74","5","true","true",""
"LA41","1854018","5","5","87","5","true","true",""
"LA41","1854019","4","4","41","4","true","true",""
"LA41","1854020","4","4","46","4","true","true",""
"LA41","1854021","3","3","44","3","true","true",""
"LA41","1854022","3","3","36","3","true","true",""
"LA41","1854023","3","3","10","3","true","true",""
"LA41","1854024","3","3","6","3","true","true",""
"LA41","1854025","3","3","2","3","true","true",""
"LA41","1854026","6","6","13","6","true","true",""
"LA41","1854027","3","3","19","3","true","true",""
"LA41","1854028","3","3","18","3","true","true",""
"LA41","1854029","8","8","133","8","true","true",""
"LA41","1854030","3","3","13","3","true","true",""
"LA41","1854031","3","3","24","3","true","true",""
"LA41","1854032","3","3","27","3","true","true",""
"LA41","1854033","3","3","5","3","true","true",""
"LA41","1854034","3","3","23","3","true","true",""
"LA41","1854035","3","3","37","3","true","true",""
"LA41","1854036","4","4","48","4","true","true",""
"LA41","1854037","3","3","28","3","true","true",""
"LA41","1854038","3","3","25","3","true","true",""
"LA41","1854039","3","3","24","3","true","true",""
"LA41","1854041","2","2","1","2","true","true",""
"LA41","1854042","3","3","19","3","true","true",""
"LA41","1854043","3","3","18","3","true","true",""
"LA41","1854044","4","4","42","4","true","true",""
"LA41","1854045","3","3","12","3","true","true",""
"LA41","1854046","6","6","93","6","true","true",""
"LA41","1854047","7","7","58","7","true","true",""
"LA41","1854048","3","3","8","3","true","true",""
"LA41","1854049","3","3","5","3","true","true",""
"LA41","1854050","3","3","18","3","true","true",""
"LA41","1854051","4","4","41","4","true","true",""
"LA41","1854052","3","3","11","3","true","true",""
"LA41","1854053","3","3","12","3","true","true",""
"LA41","1854054","3","3","32","3","true","true",""
"LA41","1854055","7","7","81","7","true","true",""
"LA41","1854056","4","4","49","4","true","true",""
"LA41","1854057","5","5","54","5","true","true",""
"LA41","1854062","2","2","1","2","true","true",""
"LA41","1854069","5","5","19","5","true","true",""
"LA41","1854074","3","3","2","3","true","true",""
"LA41","1854082","2","2","1","2","true","true",""
"LA41","1854085","2","2","2","2","true","true",""
"LA41","1854087","2","2","1","2","true","true",""
"LA41","1861001","12","12","192","12","true","true",""
"LA41","1861002","3","3","20","3","true","true",""
"LA41","1861003","7","7","106","7","true","true",""
"LA41","1861005","4","4","43","4","true","true",""
"LA41","1861006","3","3","30","3","true","true",""
"LA41","1861007","3","3","4","3","true","true",""
"LA41","1861009","6","6","92","6","true","true",""
"LA41","1861010","3","3","20","3","true","true",""
"LA41","1861011","5","5","60","5","true","true",""
"LA41","1861012","3","3","11","3","true","true",""
"LA41","1861013","4","4","48","4","true","true",""
"LA41","1861015","4","4","46","4","true","true",""
"LA41","1861016","5","5","66","5","true","true",""
"LA41","1861017","12","12","268","12","true","true",""
"LA41","1861018","5","5","78","5","true","true",""
"LA41","1861019","2","2","2","2","true","true",""
"LA41","1861020","5","5","53","5","true","true",""
"LA41","1861023","2","2","1","2","true","true",""
"LA41","1861033","2","2","1","2","true","true",""
"LA41","1881001","3","3","13","3","true","true",""
"LA41","1890005","2","2","2","2","true","true",""
"LA41","1971001","3","3","10","3","true","true",""
"LA41","1971003","3","3","12","3","true","true",""
"LA41","1971004","3","3","14","3","true","true",""
"LA41","1971005","3","3","10","3","true","true",""
"LA41","1971006","3","3","21","3","true","true",""
"LA41","1971007","3","3","12","3","true","true",""
"LA41","1971030","3","3","3","3","true","true",""
"LA41","1971035","2","2","1","2","true","true",""
"LA41","1971039","2","2","2","2","true","true",""
"LA41","1980001","5","5","75","5","true","true",""
"LA41","1980002","7","7","127","7","true","true",""
"LA41","1980003","4","4","47","4","true","true",""
"LA41","1980004","3","3","32","3","true","true",""
"LA41","1980007","3","3","4","3","true","true",""
"LA41","1980013","2","2","3","2","true","true",""
"LA41","1980014","3","3","2","3","true","true",""
"LA41","1980015","3","3","3","3","true","true",""
"LA41","1980016","2","2","1","2","true","true",""
"LA41","1980018","3","3","3","3","true","true",""
"LA41","1980019","3","3","12","3","true","true",""
"LA41","1980021","2","2","1","2","true","true",""
"LA41","1980022","3","3","5","3","true","true",""
"LA41","1990004","3","3","7","3","true","true",""
"LA41","1990009","3","3","5","3","true","true",""
"LA41","1990011","2","2","1","2","true","true",""
"LA41","1990012","3","3","4","3","true","true",""
"LA41","1990017","3","3","2","3","true","true",""
"LA41","1990028","4","4","51","4","true","true",""
"LA41","1990029","3","3","41","3","true","true",""
"LA41","2000001","3","3","42","3","true","true",""
"LA41","2000003","3","3","4","3","true","true",""
"LA41","2000005","3","3","2","3","true","true",""
"LA41","2010002","7","7","108","7","true","true",""
"LA41","2010011","3","3","2","3","true","true",""
"LA41","2030003","2","2","1","2","true","true",""
"LA41","2040002","3","3","9","3","true","true",""
"LA41","2590001","5","5","67","5","true","true",""
"LA41","2590002","3","3","25","3","true","true",""
"LA41","2590003","7","7","130","7","true","true",""
"LA41","2590004","5","5","55","5","true","true",""
"LA41","2590005","3","3","31","3","true","true",""
"LA41","2590006","5","5","49","5","true","true",""
"LA41","2590007","3","3","9","3","true","true",""
"LA41","2590008","3","3","37","3","true","true",""
"LA41","2590009","3","3","21","3","true","true",""
"LA41","2590010","3","3","10","3","true","true",""
"LA41","2604001","5","5","57","5","true","true",""
"LA41","2604002","8","8","143","8","true","true",""
"LA41","2604003","6","6","94","6","true","true",""
"LA41","2604004","9","9","184","9","true","true",""
"LA41","2604005","4","4","55","4","true","true",""
"LA41","2604006","4","4","33","4","true","true",""
"LA41","2604007","12","12","252","12","true","true",""
"LA41","2604008","9","9","173","9","true","true",""
"LA41","2604009","6","6","107","6","true","true",""
"LA41","2604010","3","3","26","3","true","true",""
"LA41","2604017","3","3","2","3","true","true",""